season,date,home_team_id,away_team_id,home_score,away_score
Summer 2024,2024-05-20,373090,413940,3,11
Summer 2024,2024-05-20,408805,400000,7,8
Summer 2024,2024-05-20,374309,408805,4,5
Summer 2024,2024-05-20,400075,406393,5,12
Summer 2024,2024-05-20,373115,399855,1,19
Summer 2024,2024-05-22,411391,407016,12,14
Summer 2024,2024-05-22,413939,412921,13,0
Summer 2024,2024-05-29,411391,413939,8,16
Summer 2024,2024-05-29,407016,412921,9,8
Summer 2024,2024-05-29,407016,413939,4,5
Summer 2024,2024-06-03,413940,374309,6,5
Summer 2024,2024-06-03,373090,400000,3,11
Summer 2024,2024-06-03,400075,399855,12,10
Summer 2024,2024-06-03,406393,373115,12,4
Summer 2024,2024-06-05,412921,411391,2,15
Summer 2024,2024-06-10,374309,400000,6,8
Summer 2024,2024-06-10,400075,413940,9,8
Summer 2024,2024-06-10,373090,399855,6,7
Summer 2024,2024-06-10,408805,406393,5,4
Summer 2024,2024-06-10,373115,408805,4,17
Summer 2024,2024-06-12,412921,413939,4,8
Summer 2024,2024-06-12,407016,411391,10,4
Summer 2024,2024-06-17,373115,374309,2,12
Summer 2024,2024-06-17,406393,413940,6,12
Summer 2024,2024-06-17,399855,373090,13,3
Summer 2024,2024-06-17,400075,400000,7,6
Summer 2024,2024-06-19,407016,412921,10,3
Summer 2024,2024-06-19,411391,413939,5,12
Summer 2024,2024-06-24,400000,413940,4,14
Summer 2024,2024-06-24,400075,408805,11,2
Summer 2024,2024-06-24,408805,399855,5,10
Summer 2024,2024-06-24,406393,373090,0,0
Summer 2024,2024-06-24,374309,373115,1,0
Summer 2024,2024-06-26,412921,413939,2,13
Summer 2024,2024-06-26,407016,411391,8,7
Summer 2024,2024-07-01,400075,400000,10,11
Summer 2024,2024-07-01,399855,413940,10,13
Summer 2024,2024-07-01,374309,373090,3,5
Summer 2024,2024-07-01,373115,406393,8,13
Summer 2024,2024-07-08,408805,400000,5,11
Summer 2024,2024-07-08,413940,408805,10,2
Summer 2024,2024-07-08,400075,399855,10,11
Summer 2024,2024-07-08,373090,373115,10,3
Summer 2024,2024-07-08,406393,374309,9,10
Summer 2024,2024-07-10,407016,411391,7,9
Summer 2024,2024-07-10,413939,412921,15,8
Summer 2024,2024-07-15,374309,373115,13,8
Summer 2024,2024-07-15,399855,400000,7,11
Summer 2024,2024-07-15,413940,400075,11,8
Summer 2024,2024-07-15,406393,373090,14,8
Summer 2024,2024-07-17,413939,407016,4,8
Summer 2024,2024-07-17,411391,412921,14,7
Summer 2024,2024-07-22,374309,406393,10,9
Summer 2024,2024-07-22,400075,408805,8,2
Summer 2024,2024-07-22,408805,399855,7,11
Summer 2024,2024-07-22,373115,373090,9,8
Summer 2024,2024-07-22,413940,400000,0,1
Summer 2024,2024-07-24,412921,407016,6,11
Summer 2024,2024-07-24,413939,411391,5,12
Summer 2024,2024-07-29,373115,406393,5,11
Summer 2024,2024-07-29,413940,399855,13,6
Summer 2024,2024-07-29,374309,373090,9,5
Summer 2024,2024-07-29,400000,400075,5,10
Summer 2024,2024-07-31,412921,411391,9,14
Summer 2024,2024-07-31,413939,407016,3,5
Summer 2024,2024-08-05,406393,373115,13,3
Summer 2024,2024-08-05,374309,373090,8,4
Summer 2024,2024-08-05,406393,374309,11,7
Summer 2024,2024-08-07,407016,412921,15,2
Summer 2024,2024-08-07,413939,411391,5,11
Summer 2024,2024-08-07,411391,407016,15,11
Summer 2024,2024-08-12,399855,408805,9,8
Summer 2024,2024-08-12,413940,399855,11,2
Summer 2024,2024-08-12,400000,400075,5,6
Summer 2024,2024-08-12,413940,400075,6,7
Fall 2024,2024-09-04,459203,452197,8,16
Fall 2024,2024-09-04,447174,451277,8,1
Fall 2024,2024-09-04,450839,459332,3,0
Fall 2024,2024-09-04,459079,442803,7,11
Fall 2024,2024-09-09,459794,455035,5,8
Fall 2024,2024-09-09,459612,459202,9,7
Fall 2024,2024-09-09,459080,459612,5,6
Fall 2024,2024-09-11,459332,447174,2,8
Fall 2024,2024-09-11,451277,450839,5,0
Fall 2024,2024-09-11,452197,459079,4,3
Fall 2024,2024-09-11,442803,459203,15,9
Fall 2024,2024-09-16,459202,455035,12,7
Fall 2024,2024-09-16,452205,459080,5,6
Fall 2024,2024-09-18,450839,447174,3,15
Fall 2024,2024-09-18,459332,451277,1,10
Fall 2024,2024-09-18,442803,452197,4,6
Fall 2024,2024-09-18,459203,459079,4,6
Fall 2024,2024-09-23,459794,452205,3,9
Fall 2024,2024-09-23,459612,455035,11,8
Fall 2024,2024-09-23,459080,459612,6,7
Fall 2024,2024-09-25,459332,450839,4,7
Fall 2024,2024-09-25,451277,447174,4,2
Fall 2024,2024-09-25,452197,442803,6,5
Fall 2024,2024-09-25,459079,459203,0,0
Fall 2024,2024-09-30,455035,452205,6,7
Fall 2024,2024-09-30,459202,459794,6,3
Fall 2024,2024-09-30,459080,455035,9,6
Fall 2024,2024-10-02,447174,459332,15,2
Fall 2024,2024-10-02,450839,451277,3,9
Fall 2024,2024-10-02,459079,452197,1,9
Fall 2024,2024-10-02,459203,442803,7,17
Fall 2024,2024-10-07,459612,452205,3,9
Fall 2024,2024-10-07,459612,459202,4,8
Fall 2024,2024-10-07,459080,459794,4,5
Fall 2024,2024-10-09,450839,447174,3,13
Fall 2024,2024-10-09,459332,451277,2,5
Fall 2024,2024-10-09,459203,452197,7,11
Fall 2024,2024-10-09,459079,442803,3,6
Fall 2024,2024-10-14,455035,459794,5,8
Fall 2024,2024-10-14,452205,459202,7,5
Fall 2024,2024-10-14,459202,459080,4,7
Fall 2024,2024-10-16,450839,459332,3,4
Fall 2024,2024-10-16,447174,451277,7,5
Fall 2024,2024-10-16,452197,459079,7,4
Fall 2024,2024-10-16,442803,459203,13,6
Fall 2024,2024-10-21,455035,459202,9,11
Fall 2024,2024-10-21,459612,459794,8,4
Fall 2024,2024-10-21,459794,459612,4,3
Fall 2024,2024-10-21,459080,452205,4,12
Fall 2024,2024-10-23,459332,447174,0,10
Fall 2024,2024-10-23,451277,450839,10,1
Fall 2024,2024-10-23,459079,442803,7,6
Fall 2024,2024-10-23,459203,452197,9,11
Fall 2024,2024-10-28,452205,459794,14,5
Fall 2024,2024-10-28,459080,459202,3,10
Fall 2024,2024-10-28,459080,455035,9,8
Fall 2024,2024-10-30,451277,447174,3,4
Fall 2024,2024-10-30,459332,450839,1,2
Fall 2024,2024-10-30,442803,452197,4,5
Fall 2024,2024-10-30,459203,459079,16,2
Fall 2024,2024-11-04,455035,459612,11,7
Fall 2024,2024-11-04,459612,452205,7,8
Fall 2024,2024-11-04,459794,459202,5,3
Fall 2024,2024-11-06,451277,450839,6,2
Fall 2024,2024-11-06,447174,459332,9,4
Fall 2024,2024-11-06,459203,452197,15,12
Fall 2024,2024-11-06,459079,442803,4,9
Fall 2024,2024-11-11,459202,452205,9,5
Fall 2024,2024-11-11,455035,452205,14,5
Fall 2024,2024-11-11,459794,459080,4,5
Fall 2024,2024-11-13,447174,459332,0,0
Fall 2024,2024-11-13,451277,450839,9,3
Fall 2024,2024-11-13,452197,459203,4,6
Fall 2024,2024-11-13,442803,459079,6,3
Fall 2024,2024-11-18,459612,455035,7,6
Fall 2024,2024-11-18,459080,459794,8,1
Fall 2024,2024-11-20,447174,451277,6,5
Fall 2024,2024-11-20,442803,459203,12,9
Fall 2024,2024-11-25,452205,459080,6,7
Fall 2024,2024-11-25,459202,459612,3,4
Fall 2024,2024-11-25,459080,459612,4,3
Winter 2025,2025-01-06,507979,507977,6,8
Winter 2025,2025-01-06,507787,507774,8,1
Winter 2025,2025-01-06,507787,504466,10,5
Winter 2025,2025-01-06,507735,507978,5,6
Winter 2025,2025-01-08,496474,507980,2,6
Winter 2025,2025-01-08,504475,502455,5,1
Winter 2025,2025-01-08,495993,508203,3,6
Winter 2025,2025-01-08,507975,507974,7,4
Winter 2025,2025-01-08,507976,507554,5,9
Winter 2025,2025-01-13,507978,507979,4,2
Winter 2025,2025-01-13,507977,507735,8,7
Winter 2025,2025-01-13,504466,507774,2,7
Winter 2025,2025-01-15,507980,495993,2,4
Winter 2025,2025-01-15,502455,496474,11,0
Winter 2025,2025-01-15,508203,504475,3,6
Winter 2025,2025-01-15,507554,507975,15,8
Winter 2025,2025-01-15,507974,507976,6,5
Winter 2025,2025-01-22,496474,504475,2,9
Winter 2025,2025-01-22,507554,507974,9,3
Winter 2025,2025-01-22,507975,507976,7,13
Winter 2025,2025-01-22,495993,502455,1,12
Winter 2025,2025-01-22,508203,507980,10,6
Winter 2025,2025-01-27,507735,507787,6,5
Winter 2025,2025-01-27,507979,507787,5,8
Winter 2025,2025-01-27,507774,507977,2,8
Winter 2025,2025-01-27,504466,507978,4,8
Winter 2025,2025-01-29,496474,495993,4,10
Winter 2025,2025-01-29,504475,507980,13,6
Winter 2025,2025-01-29,507974,507976,8,7
Winter 2025,2025-01-29,507554,507975,16,7
Winter 2025,2025-01-29,508203,502455,4,5
Winter 2025,2025-02-03,507774,507979,5,4
Winter 2025,2025-02-03,504466,507735,10,8
Winter 2025,2025-02-03,507977,507978,6,7
Winter 2025,2025-02-05,502455,507980,11,1
Winter 2025,2025-02-05,508203,496474,6,4
Winter 2025,2025-02-05,504475,495993,11,4
Winter 2025,2025-02-05,507554,507974,10,4
Winter 2025,2025-02-05,507976,507975,9,14
Winter 2025,2025-02-10,507787,507977,9,6
Winter 2025,2025-02-10,507787,507978,10,6
Winter 2025,2025-02-10,507774,507735,4,12
Winter 2025,2025-02-10,507979,504466,10,5
Winter 2025,2025-02-12,495993,508203,2,11
Winter 2025,2025-02-12,507975,507974,9,3
Winter 2025,2025-02-12,507554,507976,3,6
Winter 2025,2025-02-12,504475,502455,2,6
Winter 2025,2025-02-12,496474,507980,4,7
Winter 2025,2025-02-17,507979,507735,5,6
Winter 2025,2025-02-17,504466,507977,10,5
Winter 2025,2025-02-17,507978,507774,5,3
Winter 2025,2025-02-19,507980,495993,3,2
Winter 2025,2025-02-19,508203,504475,5,6
Winter 2025,2025-02-19,507974,507976,9,5
Winter 2025,2025-02-19,507975,507554,10,12
Winter 2025,2025-02-19,502455,496474,11,6
Winter 2025,2025-02-24,507979,507977,4,9
Winter 2025,2025-02-24,507735,507978,11,10
Winter 2025,2025-02-24,507787,507774,10,6
Winter 2025,2025-02-24,507787,504466,7,13
Winter 2025,2025-02-26,504475,496474,4,3
Winter 2025,2025-02-26,507980,508203,2,3
Winter 2025,2025-02-26,507554,507976,15,5
Winter 2025,2025-02-26,507974,507975,12,9
Winter 2025,2025-02-26,502455,495993,8,0
Winter 2025,2025-03-03,507978,507979,8,7
Winter 2025,2025-03-03,507977,507735,8,5
Winter 2025,2025-03-03,504466,507774,9,12
Winter 2025,2025-03-05,508203,502455,3,2
Winter 2025,2025-03-05,507974,507554,7,6
Winter 2025,2025-03-05,507975,507976,6,15
Winter 2025,2025-03-05,504475,507980,12,5
Winter 2025,2025-03-05,496474,495993,3,2
Winter 2025,2025-03-10,507735,507787,5,4
Winter 2025,2025-03-10,507979,507787,6,9
Winter 2025,2025-03-10,507774,507977,5,10
Winter 2025,2025-03-10,504466,507978,9,4
Winter 2025,2025-03-12,507980,502455,2,5
Winter 2025,2025-03-12,508203,496474,9,2
Winter 2025,2025-03-12,507975,507974,9,15
Winter 2025,2025-03-12,507976,507554,8,11
Winter 2025,2025-03-12,495993,504475,3,11
Winter 2025,2025-03-17,507774,507979,8,6
Winter 2025,2025-03-17,504466,507735,8,7
Winter 2025,2025-03-17,507977,507978,4,5
Winter 2025,2025-03-19,508203,496474,9,0
Winter 2025,2025-03-19,507980,495993,3,2
Winter 2025,2025-03-19,507554,507975,12,6
Winter 2025,2025-03-19,507974,507976,6,8
Winter 2025,2025-03-24,507978,507979,5,4
Winter 2025,2025-03-24,507977,507774,5,2
Winter 2025,2025-03-24,507735,504466,7,9
Winter 2025,2025-03-26,504475,507980,14,2
Winter 2025,2025-03-26,502455,508203,7,2
Winter 2025,2025-03-26,504475,502455,3,2
Winter 2025,2025-03-26,507554,507976,4,11
Winter 2025,2025-03-31,507787,504466,2,7
Winter 2025,2025-03-31,507978,507977,5,4
Winter 2025,2025-03-31,504466,507978,5,4
Spring 2025,2025-04-09,523958,523352,1,0
Spring 2025,2025-04-09,523018,533385,3,10
Spring 2025,2025-04-09,525849,525850,2,7
Spring 2025,2025-04-09,537698,524657,3,4
Spring 2025,2025-04-14,537355,527220,7,10
Spring 2025,2025-04-14,538117,523219,10,6
Spring 2025,2025-04-14,523219,537357,5,2
Spring 2025,2025-04-14,523009,537356,6,8
Spring 2025,2025-04-15,523959,530790,8,7
Spring 2025,2025-04-15,527219,538116,9,6
Spring 2025,2025-04-16,533385,537698,5,3
Spring 2025,2025-04-16,523958,525849,3,8
Spring 2025,2025-04-16,523018,524657,5,12
Spring 2025,2025-04-16,525850,523352,6,1
Spring 2025,2025-04-16,525850,542276,5,3
Spring 2025,2025-04-21,537357,537355,5,2
Spring 2025,2025-04-21,527220,523009,5,8
Spring 2025,2025-04-21,537356,538117,5,4
Spring 2025,2025-04-21,523219,538117,4,5
Spring 2025,2025-04-22,527219,523959,11,9
Spring 2025,2025-04-22,538116,530790,5,4
Spring 2025,2025-04-23,542276,523958,5,4
Spring 2025,2025-04-23,533385,524657,11,2
Spring 2025,2025-04-23,525849,523352,6,2
Spring 2025,2025-04-23,523018,537698,5,8
Spring 2025,2025-04-28,523219,537357,1,7
Spring 2025,2025-04-28,537356,523219,5,4
Spring 2025,2025-04-28,537355,523009,2,10
Spring 2025,2025-04-28,538117,527220,5,6
Spring 2025,2025-04-29,523959,538116,11,10
Spring 2025,2025-04-29,530790,527219,13,9
Spring 2025,2025-04-30,524657,523018,13,2
Spring 2025,2025-04-30,537698,533385,4,10
Spring 2025,2025-04-30,542276,523352,6,3
Spring 2025,2025-04-30,525849,525850,2,5
Spring 2025,2025-05-05,538117,537357,2,10
Spring 2025,2025-05-05,537355,523219,5,6
Spring 2025,2025-05-05,523009,527220,5,8
Spring 2025,2025-05-05,523009,537356,8,7
Spring 2025,2025-05-06,538116,527219,6,9
Spring 2025,2025-05-06,530790,523959,6,8
Spring 2025,2025-05-07,523352,525850,2,6
Spring 2025,2025-05-07,523958,525849,3,6
Spring 2025,2025-05-07,523958,542276,7,4
Spring 2025,2025-05-07,524657,523018,2,6
Spring 2025,2025-05-07,533385,537698,10,1
Spring 2025,2025-05-12,537356,537357,4,6
Spring 2025,2025-05-12,523009,523219,7,0
Spring 2025,2025-05-12,537355,538117,3,8
Spring 2025,2025-05-12,537355,527220,6,9
Spring 2025,2025-05-13,530790,538116,10,6
Spring 2025,2025-05-13,523959,527219,12,5
Spring 2025,2025-05-14,525849,523352,2,6
Spring 2025,2025-05-14,542276,523352,6,1
Spring 2025,2025-05-14,525850,523958,12,0
Spring 2025,2025-05-14,523018,537698,5,4
Spring 2025,2025-05-14,533385,524657,14,3
Spring 2025,2025-05-19,527220,538117,5,6
Spring 2025,2025-05-19,537357,523009,10,5
Spring 2025,2025-05-19,533385,537355,9,11
Spring 2025,2025-05-19,523219,537356,8,7
Spring 2025,2025-05-20,527219,530790,9,17
Spring 2025,2025-05-20,523959,538116,9,3
Spring 2025,2025-05-21,523018,525850,1,5
Spring 2025,2025-05-21,537698,524657,1,6
Spring 2025,2025-05-21,523958,523352,2,3
Spring 2025,2025-05-21,542276,525849,8,7
Spring 2025,2025-05-26,537355,537356,9,10
Spring 2025,2025-05-26,537357,537356,6,9
Spring 2025,2025-05-26,537357,527220,7,8
Spring 2025,2025-05-26,527220,533385,8,9
Spring 2025,2025-05-26,538117,523009,9,6
Spring 2025,2025-05-27,530790,523959,8,7
Spring 2025,2025-05-27,538116,527219,7,9
Spring 2025,2025-05-28,523352,542276,3,6
Spring 2025,2025-05-28,523958,525849,4,6
Spring 2025,2025-05-28,524657,523018,4,6
Spring 2025,2025-05-28,537698,525850,10,2
Spring 2025,2025-06-02,523219,527220,9,3
Spring 2025,2025-06-02,537356,523009,11,6
Spring 2025,2025-06-02,533385,538117,7,6
Spring 2025,2025-06-02,537355,537357,6,4
Spring 2025,2025-06-03,527219,523959,1,0
Spring 2025,2025-06-03,538116,530790,8,10
Spring 2025,2025-06-04,525850,524657,8,6
Spring 2025,2025-06-04,525849,523352,9,2
Spring 2025,2025-06-04,523958,542276,5,6
Spring 2025,2025-06-04,523018,537698,5,4
Spring 2025,2025-06-09,538117,523219,3,10
Spring 2025,2025-06-09,533385,537356,8,4
Spring 2025,2025-06-09,527220,537357,8,9
Spring 2025,2025-06-09,523009,537355,6,9
Spring 2025,2025-06-10,523959,538116,5,11
Spring 2025,2025-06-10,527219,530790,10,7
Spring 2025,2025-06-11,542276,523958,4,5
Spring 2025,2025-06-11,525849,542276,3,2
Spring 2025,2025-06-11,524657,523018,9,10
Spring 2025,2025-06-11,525850,537698,4,8
Spring 2025,2025-06-16,533385,537355,8,7
Spring 2025,2025-06-16,537356,523009,7,4
Spring 2025,2025-06-16,537357,538117,5,1
Spring 2025,2025-06-16,527220,523219,6,7
Spring 2025,2025-06-17,530790,527219,11,10
Spring 2025,2025-06-17,523959,538116,4,3
Spring 2025,2025-06-18,525849,523352,7,2
Spring 2025,2025-06-18,542276,523958,9,3
Spring 2025,2025-06-18,525850,537698,3,6
Spring 2025,2025-06-18,523018,524657,3,6
Spring 2025,2025-06-23,533385,523219,2,10
Spring 2025,2025-06-23,537356,537357,4,3
Spring 2025,2025-06-23,537356,523219,5,3
Spring 2025,2025-06-24,530790,538116,13,6
Spring 2025,2025-06-24,523959,527219,7,6
Spring 2025,2025-06-24,530790,523959,12,0
Spring 2025,2025-06-25,525849,542276,1,2
Spring 2025,2025-06-25,524657,537698,4,2
Summer 2025,2025-06-30,563479,564869,6,4
Summer 2025,2025-06-30,563479,564868,6,5
Summer 2025,2025-06-30,564867,562738,5,6
Summer 2025,2025-06-30,555201,560161,7,5
Summer 2025,2025-07-01,563480,555558,8,6
Summer 2025,2025-07-01,564870,564079,11,4
Summer 2025,2025-07-01,563481,562121,9,14
Summer 2025,2025-07-02,555737,563478,8,3
Summer 2025,2025-07-02,555462,560993,4,2
Summer 2025,2025-07-02,564468,553279,7,6
Summer 2025,2025-07-02,562747,565375,11,4
Summer 2025,2025-07-07,560161,562738,8,11
Summer 2025,2025-07-07,564869,560161,6,5
Summer 2025,2025-07-07,563479,564867,1,8
Summer 2025,2025-07-07,564868,555201,4,3
Summer 2025,2025-07-08,562121,555558,8,4
Summer 2025,2025-07-08,563481,564870,10,14
Summer 2025,2025-07-08,563480,564079,11,5
Summer 2025,2025-07-09,562747,553279,3,8
Summer 2025,2025-07-09,565375,564468,5,4
Summer 2025,2025-07-09,554190,563478,4,5
Summer 2025,2025-07-09,555462,554190,4,3
Summer 2025,2025-07-09,555737,560993,0,8
Summer 2025,2025-07-14,560161,563479,7,8
Summer 2025,2025-07-14,564868,562738,5,9
Summer 2025,2025-07-14,555201,564869,7,2
Summer 2025,2025-07-15,563481,555558,7,11
Summer 2025,2025-07-15,564870,563480,6,1
Summer 2025,2025-07-15,564079,562121,8,12
Summer 2025,2025-07-16,554190,563478,9,1
Summer 2025,2025-07-16,555737,555462,4,3
Summer 2025,2025-07-16,560993,570066,4,2
Summer 2025,2025-07-16,553279,565375,6,7
Summer 2025,2025-07-16,564468,562747,7,4
Summer 2025,2025-07-21,564868,564867,9,5
Summer 2025,2025-07-21,563479,562738,4,8
Summer 2025,2025-07-21,560161,564869,4,7
Summer 2025,2025-07-22,563481,563480,3,9
Summer 2025,2025-07-22,562121,564870,13,8
Summer 2025,2025-07-22,564079,555558,9,13
Summer 2025,2025-07-23,562747,553279,6,5
Summer 2025,2025-07-23,564468,565375,6,3
Summer 2025,2025-07-23,555462,555737,6,3
Summer 2025,2025-07-23,563478,560993,7,6
Summer 2025,2025-07-23,554190,570066,8,6
Summer 2025,2025-07-28,555201,562738,4,8
Summer 2025,2025-07-28,555201,563479,3,4
Summer 2025,2025-07-28,562738,564869,7,8
Summer 2025,2025-07-28,564867,560161,5,4
Summer 2025,2025-07-29,564870,555558,9,8
Summer 2025,2025-07-29,562121,563480,10,2
Summer 2025,2025-07-29,563481,564079,13,12
Summer 2025,2025-07-30,570066,560993,5,8
Summer 2025,2025-07-30,555462,554190,1,4
Summer 2025,2025-07-30,555737,563478,3,6
Summer 2025,2025-07-30,564468,553279,2,3
Summer 2025,2025-07-30,562747,565375,0,8
Summer 2025,2025-08-04,564869,564868,8,4
Summer 2025,2025-08-04,555201,564867,4,2
Summer 2025,2025-08-04,562738,564867,8,9
Summer 2025,2025-08-05,563481,562121,8,11
Summer 2025,2025-08-05,564870,564079,9,11
Summer 2025,2025-08-05,563480,555558,6,7
Summer 2025,2025-08-06,562747,564468,12,1
Summer 2025,2025-08-06,553279,565375,3,8
Summer 2025,2025-08-06,555462,560993,3,2
Summer 2025,2025-08-06,554190,563478,7,8
Summer 2025,2025-08-06,570066,555737,3,2
Summer 2025,2025-08-11,564867,564869,3,2
Summer 2025,2025-08-11,563479,555201,4,7
Summer 2025,2025-08-11,564868,560161,6,10
Summer 2025,2025-08-12,563480,564079,8,5
Summer 2025,2025-08-12,563481,564870,9,10
Summer 2025,2025-08-12,562121,555558,4,5
Summer 2025,2025-08-13,555737,554190,8,4
Summer 2025,2025-08-13,555462,563478,3,1
Summer 2025,2025-08-13,560993,570066,1,3
Summer 2025,2025-08-13,562747,553279,3,7
Summer 2025,2025-08-13,564468,565375,2,6
Summer 2025,2025-08-18,564868,555201,5,3
Summer 2025,2025-08-18,564868,564869,6,7
Summer 2025,2025-08-18,563479,564867,3,4
Summer 2025,2025-08-18,560161,562738,6,5
Summer 2025,2025-08-19,564870,563480,0,1
Summer 2025,2025-08-19,563481,555558,13,5
Summer 2025,2025-08-19,562121,564079,12,2
Summer 2025,2025-08-20,564468,553279,4,5
Summer 2025,2025-08-20,562747,565375,7,6
Summer 2025,2025-08-20,555462,555737,4,3
Summer 2025,2025-08-20,563478,570066,5,7
Summer 2025,2025-08-20,554190,560993,7,4
Summer 2025,2025-08-25,564867,560161,8,3
Summer 2025,2025-08-25,564869,564868,14,4
Summer 2025,2025-08-25,563479,555201,6,7
Summer 2025,2025-08-26,562121,563481,1,0
Summer 2025,2025-08-26,563480,564870,6,1
Summer 2025,2025-08-27,563478,560993,6,2
Summer 2025,2025-08-27,555737,570066,1,8
Summer 2025,2025-08-27,565375,564468,5,4
Summer 2025,2025-08-27,553279,562747,4,3
Summer 2025,2025-09-01,562738,555201,6,4
Summer 2025,2025-09-01,564867,564869,6,2
Summer 2025,2025-09-01,564867,562738,0,6
Summer 2025,2025-09-02,562121,563480,13,4
Summer 2025,2025-09-03,555462,570066,1,7
Summer 2025,2025-09-03,554190,563478,7,8
Summer 2025,2025-09-03,570066,563478,5,1
Summer 2025,2025-09-03,553279,565375,7,6
Fall 2025,2025-09-22,593792,592030,2,11
Fall 2025,2025-09-22,584920,593384,4,11
Fall 2025,2025-09-22,593054,593067,6,2
Fall 2025,2025-09-22,593067,593794,4,1
Fall 2025,2025-09-23,593496,593793,12,4
Fall 2025,2025-09-23,593496,589367,16,9
Fall 2025,2025-09-24,593066,586722,8,1
Fall 2025,2025-09-24,587556,587687,4,8
Fall 2025,2025-09-24,593065,593337,6,3
Fall 2025,2025-09-24,593064,587601,5,6
Fall 2025,2025-09-24,593336,593063,4,9
Fall 2025,2025-09-29,593792,593794,2,10
Fall 2025,2025-09-29,593054,584920,8,5
Fall 2025,2025-09-29,584920,593067,2,8
Fall 2025,2025-09-29,592030,593384,7,3
Fall 2025,2025-09-30,593063,593064,9,3
Fall 2025,2025-09-30,589367,593496,5,13
Fall 2025,2025-09-30,589367,593793,15,7
Fall 2025,2025-10-01,587601,593336,2,5
Fall 2025,2025-10-01,585524,586722,6,1
Fall 2025,2025-10-01,587687,585524,10,1
Fall 2025,2025-10-01,587556,593065,4,2
Fall 2025,2025-10-01,593337,593066,5,8
Fall 2025,2025-10-06,592030,584920,15,9
Fall 2025,2025-10-06,593792,593384,8,9
Fall 2025,2025-10-06,593384,593067,6,10
Fall 2025,2025-10-06,593794,593054,3,5
Fall 2025,2025-10-07,593793,589367,9,5
Fall 2025,2025-10-07,593793,593496,4,9
Fall 2025,2025-10-07,593066,587556,2,5
Fall 2025,2025-10-08,585524,593065,2,6
Fall 2025,2025-10-08,587687,593337,4,6
Fall 2025,2025-10-08,586722,587687,2,8
Fall 2025,2025-10-08,593064,587601,3,4
Fall 2025,2025-10-08,593336,593063,9,5
Fall 2025,2025-10-13,584920,593794,6,0
Fall 2025,2025-10-13,593067,593792,11,3
Fall 2025,2025-10-13,593054,593384,3,5
Fall 2025,2025-10-14,589367,593793,9,3
Fall 2025,2025-10-15,593336,593064,7,8
Fall 2025,2025-10-15,593063,587601,2,5
Fall 2025,2025-10-15,593065,593066,6,4
Fall 2025,2025-10-15,593337,585524,4,3
Fall 2025,2025-10-15,586722,587556,5,13
Fall 2025,2025-10-20,584920,593054,9,8
Fall 2025,2025-10-20,593792,593794,3,8
Fall 2025,2025-10-20,593384,592030,4,5
Fall 2025,2025-10-21,587601,593336,7,6
Fall 2025,2025-10-21,593496,593793,14,5
Fall 2025,2025-10-22,587556,593066,8,6
Fall 2025,2025-10-22,585524,586722,6,2
Fall 2025,2025-10-22,593337,587687,4,5
Fall 2025,2025-10-22,593063,593064,0,5
Fall 2025,2025-10-27,593384,593792,10,8
Fall 2025,2025-10-27,592030,593054,9,7
Fall 2025,2025-10-27,593794,593067,2,4
Fall 2025,2025-10-28,593496,589367,0,0
Fall 2025,2025-10-29,593336,593064,4,3
Fall 2025,2025-10-29,593063,587601,6,2
Fall 2025,2025-10-29,593065,587556,6,8
Fall 2025,2025-10-29,585524,587687,3,8
Fall 2025,2025-10-29,593066,593337,4,7
Fall 2025,2025-11-03,593794,592030,5,6
Fall 2025,2025-11-03,593384,584920,10,5
Fall 2025,2025-11-03,593067,593054,2,5
Fall 2025,2025-11-03,593054,593792,11,7
Fall 2025,2025-11-04,593063,593064,6,5
Fall 2025,2025-11-04,593793,589367,5,6
Fall 2025,2025-11-04,593793,593496,5,10
Fall 2025,2025-11-05,593066,593065,3,2
Fall 2025,2025-11-05,585524,593337,3,4
Fall 2025,2025-11-05,587687,587556,4,5
Fall 2025,2025-11-05,586722,587556,5,6
Fall 2025,2025-11-05,587601,593336,7,6
Fall 2025,2025-11-10,593067,592030,6,1
Fall 2025,2025-11-10,593792,584920,9,5
Fall 2025,2025-11-10,593384,593794,3,8
Fall 2025,2025-11-11,585524,593065,2,4
Fall 2025,2025-11-11,589367,593496,8,11
Fall 2025,2025-11-12,593064,587601,2,6
Fall 2025,2025-11-12,593336,593063,5,6
Fall 2025,2025-11-12,586722,593066,3,8
Fall 2025,2025-11-12,587687,586722,10,4
Fall 2025,2025-11-12,593337,587556,2,7
Fall 2025,2025-11-17,592030,593794,6,2
Fall 2025,2025-11-17,593067,584920,6,0
Fall 2025,2025-11-17,593792,593054,13,7
Fall 2025,2025-11-18,593496,593793,10,1
Fall 2025,2025-11-18,593496,589367,7,8
Fall 2025,2025-11-19,586722,593337,4,5
Fall 2025,2025-11-19,585524,593066,1,5
Fall 2025,2025-11-19,587687,593065,5,1
Fall 2025,2025-11-19,593336,593064,8,2
Fall 2025,2025-11-19,593063,587601,4,2
Fall 2025,2025-11-24,593794,593384,4,6
Fall 2025,2025-11-24,592030,593054,7,8
Fall 2025,2025-11-24,592030,593067,7,6
Fall 2025,2025-11-24,584920,593792,8,14
Fall 2025,2025-11-25,589367,593793,10,7
Fall 2025,2025-11-25,593496,589367,9,7
Fall 2025,2025-12-01,593067,584920,15,2
Fall 2025,2025-12-01,593054,593794,4,10
Fall 2025,2025-12-01,593384,593792,10,6
Fall 2025,2025-12-02,593066,587687,4,8
Fall 2025,2025-12-02,589367,593793,11,4
Fall 2025,2025-12-02,593496,589367,7,6
Fall 2025,2025-12-03,593064,587601,0,9
Fall 2025,2025-12-03,593336,593063,6,5
Fall 2025,2025-12-03,587556,585524,8,2
Fall 2025,2025-12-03,593337,593065,2,5
Fall 2025,2025-12-03,593065,586722,6,3
Fall 2025,2025-12-08,592030,593384,10,3
Fall 2025,2025-12-08,593067,593794,7,2
Fall 2025,2025-12-08,593067,592030,4,9
Fall 2025,2025-12-10,587687,586722,12,6
Fall 2025,2025-12-10,593065,585524,1,5
Fall 2025,2025-12-10,593066,593337,9,6
Fall 2025,2025-12-10,593336,593063,6,7
Fall 2025,2025-12-10,593064,587601,4,11
Fall 2025,2025-12-17,593063,587601,3,4
Fall 2025,2025-12-17,587556,593066,5,6
Fall 2025,2025-12-17,587687,585524,8,4
Fall 2025,2025-12-17,587687,593066,5,6
Winter 2026,2026-01-05,621646,622459,6,7
Winter 2026,2026-01-05,622460,622463,4,5
Winter 2026,2026-01-05,622458,622463,8,5
Winter 2026,2026-01-05,622461,622462,9,4
Winter 2026,2026-01-05,622457,622462,8,3
Winter 2026,2026-01-07,621655,622455,4,2
Winter 2026,2026-01-07,617650,622456,4,9
Winter 2026,2026-01-07,622454,620305,4,1
Winter 2026,2026-01-07,618208,622454,9,6
Winter 2026,2026-01-07,622453,620045,8,0
Winter 2026,2026-01-08,620776,620774,6,9
Winter 2026,2026-01-08,620775,620777,9,8
Winter 2026,2026-01-12,622458,622459,5,9
Winter 2026,2026-01-12,622457,621646,5,10
Winter 2026,2026-01-12,622460,622461,9,7
Winter 2026,2026-01-12,622429,622462,5,3
Winter 2026,2026-01-14,622453,622454,6,3
Winter 2026,2026-01-14,618208,622452,9,5
Winter 2026,2026-01-14,620045,622452,4,8
Winter 2026,2026-01-14,617650,621655,5,10
Winter 2026,2026-01-14,622455,622456,4,8
Winter 2026,2026-01-15,620774,620777,8,5
Winter 2026,2026-01-15,620775,620776,4,6
Winter 2026,2026-01-19,622463,622462,12,6
Winter 2026,2026-01-19,622463,622461,9,6
Winter 2026,2026-01-19,622429,621646,7,6
Winter 2026,2026-01-19,621646,622460,10,11
Winter 2026,2026-01-19,622457,622459,10,7
Winter 2026,2026-01-21,621655,622456,2,9
Winter 2026,2026-01-21,622455,617650,13,2
Winter 2026,2026-01-21,620045,622454,4,9
Winter 2026,2026-01-21,622453,618208,6,3
Winter 2026,2026-01-21,620305,622453,4,3
Winter 2026,2026-01-22,620777,620776,10,3
Winter 2026,2026-01-22,620775,620774,7,8
Winter 2026,2026-01-28,618208,620305,5,4
Winter 2026,2026-01-28,622452,620045,6,0
Winter 2026,2026-01-28,622452,617650,7,6
Winter 2026,2026-01-28,622455,622456,5,9
Winter 2026,2026-01-28,621655,622453,8,2
Winter 2026,2026-01-29,620775,620777,8,9
Winter 2026,2026-01-29,620776,620774,4,9
Winter 2026,2026-02-02,622458,622461,8,10
Winter 2026,2026-02-02,622458,622457,6,7
Winter 2026,2026-02-02,621646,622463,9,6
Winter 2026,2026-02-02,622459,622463,6,5
Winter 2026,2026-02-02,622429,622460,2,8
Winter 2026,2026-02-04,622456,621655,4,5
Winter 2026,2026-02-04,618208,622455,5,14
Winter 2026,2026-02-04,622452,622454,3,4
Winter 2026,2026-02-04,622452,620305,12,3
Winter 2026,2026-02-04,617650,620045,7,2
Winter 2026,2026-02-05,620775,620776,8,7
Winter 2026,2026-02-05,620774,620777,8,6
Winter 2026,2026-02-09,622459,622462,12,5
Winter 2026,2026-02-09,622459,622429,6,3
Winter 2026,2026-02-09,622458,622429,8,5
Winter 2026,2026-02-09,622457,622460,3,6
Winter 2026,2026-02-09,621646,622461,5,9
Winter 2026,2026-02-11,622453,617650,7,8
Winter 2026,2026-02-11,620305,622454,5,6
Winter 2026,2026-02-11,620045,620305,5,4
Winter 2026,2026-02-11,621655,618208,14,5
Winter 2026,2026-02-11,622456,622455,4,3
Winter 2026,2026-02-12,620776,620774,6,4
Winter 2026,2026-02-12,620775,620777,4,7
Winter 2026,2026-02-16,622460,622462,11,2
Winter 2026,2026-02-16,622463,622457,12,7
Winter 2026,2026-02-16,622463,622429,7,11
Winter 2026,2026-02-16,622458,621646,11,9
Winter 2026,2026-02-18,622456,622453,4,2
Winter 2026,2026-02-18,621655,622455,3,7
Winter 2026,2026-02-18,620305,620045,5,2
Winter 2026,2026-02-18,617650,620045,9,1
Winter 2026,2026-02-18,622454,618208,1,5
Winter 2026,2026-02-19,620774,620775,5,4
Winter 2026,2026-02-19,620777,620776,12,7
Winter 2026,2026-02-23,622459,622460,8,2
Winter 2026,2026-02-23,622458,622460,9,5
Winter 2026,2026-02-23,622457,622461,4,9
Winter 2026,2026-02-23,622462,621646,10,5
Winter 2026,2026-02-25,622452,618208,6,4
Winter 2026,2026-02-25,622452,620305,9,2
Winter 2026,2026-02-25,622454,617650,5,4
Winter 2026,2026-02-25,622455,622453,12,3
Winter 2026,2026-02-25,621655,622456,4,7
Winter 2026,2026-02-26,620774,620777,7,11
Winter 2026,2026-02-26,620776,620775,6,8
Winter 2026,2026-03-02,622458,622462,7,6
Winter 2026,2026-03-02,622429,622457,9,7
Winter 2026,2026-03-02,622429,622461,12,9
Winter 2026,2026-03-02,622459,622461,13,4
Winter 2026,2026-03-04,622452,618208,7,4
Winter 2026,2026-03-04,622455,617650,5,2
Winter 2026,2026-03-04,622454,620305,6,3
Winter 2026,2026-03-04,622453,620045,11,5
Winter 2026,2026-03-05,620774,620776,8,5
Winter 2026,2026-03-05,620777,620775,3,10
Winter 2026,2026-03-09,621646,622462,2,7
Winter 2026,2026-03-09,622460,622457,7,4
Winter 2026,2026-03-09,622459,622462,8,3
Winter 2026,2026-03-09,622458,622461,15,5
Winter 2026,2026-03-09,622429,622463,5,8
Winter 2026,2026-03-11,622456,622452,5,4
Winter 2026,2026-03-11,621655,622455,6,4
Winter 2026,2026-03-11,618208,622454,3,2
Winter 2026,2026-03-11,617650,622453,5,6
Winter 2026,2026-03-12,620774,620775,6,4
Winter 2026,2026-03-16,622459,622463,2,5
Winter 2026,2026-03-16,622460,622458,8,3
Winter 2026,2026-03-16,622460,622463,4,5
Winter 2026,2026-03-18,622456,621655,8,6
Winter 2026,2026-03-18,618208,622453,7,6
Spring 2026,2026-03-26,654097,654099,7,11
Spring 2026,2026-03-26,654100,654099,7,8
Spring 2026,2026-03-30,640637,654135,2,7
Spring 2026,2026-03-30,654133,640637,3,7
Spring 2026,2026-03-30,654132,654137,3,4
Spring 2026,2026-03-30,640930,654134,7,3
Spring 2026,2026-04-01,640628,639624,4,11
Spring 2026,2026-04-01,640494,654486,3,6
Spring 2026,2026-04-01,639227,654112,4,2
Spring 2026,2026-04-01,640288,654110,3,5
Spring 2026,2026-04-01,654120,654111,9,4
Spring 2026,2026-04-01,640773,640188,2,3
Spring 2026,2026-04-02,654097,654099,9,8
Spring 2026,2026-04-02,654097,654100,11,4
Spring 2026,2026-04-06,654134,654132,6,2
Spring 2026,2026-04-06,640930,654133,8,9
Spring 2026,2026-04-06,654135,654137,3,5
Spring 2026,2026-04-06,640637,654137,8,7
Spring 2026,2026-04-08,640288,640773,4,9
Spring 2026,2026-04-08,640628,654112,8,5
Spring 2026,2026-04-08,640494,654110,3,6
Spring 2026,2026-04-08,639624,654111,8,6
Spring 2026,2026-04-08,654486,640188,1,8
Spring 2026,2026-04-08,639227,654120,7,8
Spring 2026,2026-04-09,654100,654099,4,14
Spring 2026,2026-04-09,654100,654097,4,12
Spring 2026,2026-04-13,654137,640637,3,6
Spring 2026,2026-04-13,654133,654134,7,4
Spring 2026,2026-04-13,654133,654135,8,7
Spring 2026,2026-04-13,654132,640930,9,6
Spring 2026,2026-04-15,639624,639227,4,5
Spring 2026,2026-04-15,654486,640288,3,2
Spring 2026,2026-04-15,640628,654111,5,6
Spring 2026,2026-04-15,640494,640188,0,5
Spring 2026,2026-04-15,654112,654120,0,5
Spring 2026,2026-04-15,654110,640773,4,2
Spring 2026,2026-04-20,654132,654135,5,3
Spring 2026,2026-04-20,640930,640637,4,9
Spring 2026,2026-04-20,654133,654137,12,8
Spring 2026,2026-04-22,640188,640288,12,6
Spring 2026,2026-04-22,654112,639624,5,10
Spring 2026,2026-04-22,654110,654486,4,2
Spring 2026,2026-04-22,640628,654120,4,7
Spring 2026,2026-04-22,640494,640773,3,4
Spring 2026,2026-04-22,654111,639227,5,4
Spring 2026,2026-04-23,654099,654100,12,5
Spring 2026,2026-04-23,654099,654097,11,5
Spring 2026,2026-04-27,640637,654134,3,14
Spring 2026,2026-04-27,654134,654137,11,3
Spring 2026,2026-04-27,640930,654135,7,12
Spring 2026,2026-04-27,654132,654133,4,5
Spring 2026,2026-04-29,640188,654110,5,3
Spring 2026,2026-04-29,640773,654486,2,3
Spring 2026,2026-04-29,654111,654112,6,5
Spring 2026,2026-04-29,654120,639624,5,2
Spring 2026,2026-04-29,640628,639227,5,6
Spring 2026,2026-04-29,640494,640288,2,3
Spring 2026,2026-04-30,654099,654097,13,7
Spring 2026,2026-04-30,654100,654097,5,7
Spring 2026,2026-05-04,654133,654137,8,7
Spring 2026,2026-05-04,640930,640637,9,10
Spring 2026,2026-05-04,654132,654135,4,7
Spring 2026,2026-05-06,640494,654486,2,1
Spring 2026,2026-05-06,639227,654112,5,4
Spring 2026,2026-05-06,654110,640288,9,2
Spring 2026,2026-05-06,654111,654120,9,1
Spring 2026,2026-05-06,640773,640188,5,8
Spring 2026,2026-05-06,640628,639624,3,6
Spring 2026,2026-05-07,654100,654097,6,11
Spring 2026,2026-05-07,654100,654099,4,10
Spring 2026,2026-05-11,654133,640637,7,8
Spring 2026,2026-05-11,654132,654137,4,5
Spring 2026,2026-05-11,640930,654134,4,7
Spring 2026,2026-05-13,640628,654112,8,2
Spring 2026,2026-05-13,640494,654110,2,5
Spring 2026,2026-05-13,639624,654111,9,8
Spring 2026,2026-05-13,654486,640188,1,2
Spring 2026,2026-05-13,639227,654120,4,5
Spring 2026,2026-05-13,640288,640773,4,6
Spring 2026,2026-05-14,654099,654100,12,6
Spring 2026,2026-05-14,654100,654097,10,5
Spring 2026,2026-05-14,654099,654097,10,5
Spring 2026,2026-05-18,654132,654134,4,8
Spring 2026,2026-05-18,654133,640930,6,2
Spring 2026,2026-05-18,654135,654137,4,8
Spring 2026,2026-05-18,640637,654135,4,6
Spring 2026,2026-05-20,654486,640288,9,5
Spring 2026,2026-05-20,639624,639227,3,7
Spring 2026,2026-05-20,640494,640188,4,8
Spring 2026,2026-05-20,654112,654120,1,5
Spring 2026,2026-05-20,640773,654110,4,9
Spring 2026,2026-05-20,640628,654111,6,8
Spring 2026,2026-05-21,654099,654100,17,2
Spring 2026,2026-05-25,654133,654134,5,6
Spring 2026,2026-05-25,654134,654135,8,5
Spring 2026,2026-05-25,654132,640930,9,5
Spring 2026,2026-05-27,654112,639624,6,9
Spring 2026,2026-05-27,654110,654486,5,2
Spring 2026,2026-05-27,640628,654120,8,9
Spring 2026,2026-05-27,640494,640773,0,7
Spring 2026,2026-05-27,654111,639227,8,7
Spring 2026,2026-05-27,640188,640288,10,6
Spring 2026,2026-06-01,654132,640637,8,5
Spring 2026,2026-06-01,640930,654137,6,5
Spring 2026,2026-06-01,654134,654135,3,6
Spring 2026,2026-06-03,640773,654486,3,0
Spring 2026,2026-06-03,654111,654112,13,0
Spring 2026,2026-06-03,640188,654110,3,7
Spring 2026,2026-06-03,640628,639227,3,5
Spring 2026,2026-06-03,640494,640288,7,3
Spring 2026,2026-06-03,654120,639624,7,8
Spring 2026,2026-06-08,654132,640930,10,7
Spring 2026,2026-06-08,640637,654132,11,5
Spring 2026,2026-06-08,654137,654135,4,5
Spring 2026,2026-06-10,640773,640288,6,0
Spring 2026,2026-06-10,654486,640494,3,4
Spring 2026,2026-06-10,640188,640494,10,3
Spring 2026,2026-06-10,654111,654112,17,2
Spring 2026,2026-06-10,639227,640628,1,8
Spring 2026,2026-06-10,654120,640628,5,6
Spring 2026,2026-06-15,654133,654135,7,8
Spring 2026,2026-06-15,654134,640637,4,10
Spring 2026,2026-06-15,654135,640637,2,8
Spring 2026,2026-06-17,654110,640773,5,4
Spring 2026,2026-06-17,640188,654110,4,3
Spring 2026,2026-06-17,639624,654111,8,3
Spring 2026,2026-06-17,640628,639624,3,6
Summer 2026,2026-05-28,678943,677298,8,7
Summer 2026,2026-05-28,672567,678942,7,4
Summer 2026,2026-05-28,672567,678561,14,7
Summer 2026,2026-06-04,678561,677298,10,14
Summer 2026,2026-06-11,678942,677298,9,8
Summer 2026,2026-06-11,678942,678561,11,4
Summer 2026,2026-06-11,672567,678943,14,4
Summer 2026,2026-06-18,672567,677298,4,5
Summer 2026,2026-06-18,678942,678561,12,7
Summer 2026,2026-06-18,678943,678561,13,5
Summer 2026,2026-06-22,672819,672592,10,16
Summer 2026,2026-06-22,680936,683883,6,7
Summer 2026,2026-06-22,683884,683886,6,1
Summer 2026,2026-06-22,683882,683885,2,6
Summer 2026,2026-06-23,680856,683876,7,3
Summer 2026,2026-06-23,680945,672612,5,7
Summer 2026,2026-06-24,672603,683877,8,12
Summer 2026,2026-06-24,683879,679080,3,2
Summer 2026,2026-06-24,681003,683878,5,2
Summer 2026,2026-06-24,678081,680945,3,8
Summer 2026,2026-06-24,672794,683880,2,6
Summer 2026,2026-06-25,678942,678943,10,7
Summer 2026,2026-06-25,672567,678561,15,7
Summer 2026,2026-06-29,683884,683885,8,4
Summer 2026,2026-06-29,683883,683886,10,7
Summer 2026,2026-06-29,683882,672592,6,9
Summer 2026,2026-06-29,672819,680936,8,14
Summer 2026,2026-06-30,680945,683876,13,4
Summer 2026,2026-06-30,680856,672794,6,4
Summer 2026,2026-07-01,683879,681003,8,9
Summer 2026,2026-07-01,683877,683878,4,6
Summer 2026,2026-07-01,678081,672794,8,1
Summer 2026,2026-07-01,683880,672612,5,2
Summer 2026,2026-07-01,672603,679080,8,0
Summer 2026,2026-07-02,678942,678943,10,5
Summer 2026,2026-07-02,677298,672567,10,5
Summer 2026,2026-07-02,678561,677298,14,13
Summer 2026,2026-07-06,680936,683885,6,10
Summer 2026,2026-07-06,683883,683884,8,13
Summer 2026,2026-07-06,683886,672592,6,15
Summer 2026,2026-07-07,672794,683880,3,6
Summer 2026,2026-07-07,683877,683879,10,6
Summer 2026,2026-07-08,672603,683878,4,8
Summer 2026,2026-07-08,672794,680945,9,6
Summer 2026,2026-07-08,680856,672612,8,7
Summer 2026,2026-07-08,679080,681003,10,5
Summer 2026,2026-07-08,678081,683876,3,1
Summer 2026,2026-07-09,672567,677298,10,4
Summer 2026,2026-07-09,678942,672567,11,5
Summer 2026,2026-07-09,678943,678561,12,5
Summer 2026,2026-07-13,683885,683886,6,3
Summer 2026,2026-07-13,680936,683882,9,6
Summer 2026,2026-07-13,683883,672819,13,3
Summer 2026,2026-07-13,672592,683884,13,5
Summer 2026,2026-07-14,683878,683879,6,7
Summer 2026,2026-07-14,683876,678081,0,4
Summer 2026,2026-07-15,672794,672612,7,5
Summer 2026,2026-07-15,672603,681003,10,9
Summer 2026,2026-07-15,679080,683877,8,5
Summer 2026,2026-07-15,680856,683876,4,4
Summer 2026,2026-07-15,680945,683880,3,5
Summer 2026,2026-07-16,672567,678943,6,4
Summer 2026,2026-07-16,678942,678561,21,10
Summer 2026,2026-07-20,672819,683885,4,5
Summer 2026,2026-07-20,683883,672592,11,8
Summer 2026,2026-07-20,683882,683886,6,8
Summer 2026,2026-07-20,680936,683884,3,4
Summer 2026,2026-07-21,678081,672612,8,4
Summer 2026,2026-07-21,683878,679080,3,6
Summer 2026,2026-07-22,680945,683876,4,2
Summer 2026,2026-07-22,680856,683880,4,6
Summer 2026,2026-07-22,672603,683879,2,11
Summer 2026,2026-07-22,672794,683876,6,4
Summer 2026,2026-07-22,681003,683877,1,0
Summer 2026,2026-07-23,677298,678943,10,6
Summer 2026,2026-07-27,683883,683882,7,6
Summer 2026,2026-07-27,672819,683884,5,10
Summer 2026,2026-07-27,683886,680936,8,4
Summer 2026,2026-07-27,672592,683885,6,5
Summer 2026,2026-07-29,678081,683880,3,4
Summer 2026,2026-07-29,683877,672603,6,9
Summer 2026,2026-07-29,672794,672612,3,10
Summer 2026,2026-07-29,680856,680945,5,4
Summer 2026,2026-07-29,679080,683879,5,6
Summer 2026,2026-07-29,683878,681003,3,5
Summer 2026,2026-07-30,672567,678943,20,4
Summer 2026,2026-07-30,678942,678943,14,4
Summer 2026,2026-07-30,677298,678942,9,6
Summer 2026,2026-07-30,677298,678561,9,4
Summer 2026,2026-08-03,683882,683884,4,5
Summer 2026,2026-08-03,672819,683886,4,5
Summer 2026,2026-08-03,680936,672592,5,12
Summer 2026,2026-08-03,683885,683883,5,4
Summer 2026,2026-08-05,683879,681003,7,5
Summer 2026,2026-08-05,679080,672603,10,4
Summer 2026,2026-08-05,678081,683880,2,3
Summer 2026,2026-08-05,672794,683876,6,5
Summer 2026,2026-08-05,683878,683877,10,3
Summer 2026,2026-08-05,680856,672612,3,7
Summer 2026,2026-08-06,678943,678561,1,0
Summer 2026,2026-08-06,678942,678943,3,6
Summer 2026,2026-08-06,672567,677298,6,5
Summer 2026,2026-08-10,683883,683882,9,6
Summer 2026,2026-08-10,672819,683884,4,3
Summer 2026,2026-08-10,680936,683886,3,12
Summer 2026,2026-08-10,672592,683885,10,7
Summer 2026,2026-08-12,681003,679080,5,2
Summer 2026,2026-08-12,672794,680945,3,8
Summer 2026,2026-08-12,680856,678081,5,2
Summer 2026,2026-08-12,683880,672612,8,4
Summer 2026,2026-08-12,683878,672603,8,5
Summer 2026,2026-08-12,683879,683877,7,8
Summer 2026,2026-08-13,672567,678943,4,5
Summer 2026,2026-08-17,683885,683886,2,1
Summer 2026,2026-08-17,683884,672592,6,5
Summer 2026,2026-08-17,683883,672819,12,8
Summer 2026,2026-08-17,683882,680936,5,4
Summer 2026,2026-08-19,683877,679080,6,5
Summer 2026,2026-08-19,681003,672603,6,11
Summer 2026,2026-08-19,683880,683876,4,1
Summer 2026,2026-08-19,683878,683879,5,7
Summer 2026,2026-08-19,678081,680856,1,10
Summer 2026,2026-08-19,680945,672612,7,1
Summer 2026,2026-08-24,683884,683885,4,3
Summer 2026,2026-08-24,683883,683886,10,6
Summer 2026,2026-08-24,683882,672592,5,12
Summer 2026,2026-08-24,672819,680936,3,4
Summer 2026,2026-08-24,672819,683882,3,5
Summer 2026,2026-08-26,683877,681003,6,7
Summer 2026,2026-08-26,680856,683880,4,7
Summer 2026,2026-08-26,683876,672612,3,4
Summer 2026,2026-08-26,678081,680945,0,11
Summer 2026,2026-08-26,683879,672603,6,5
Summer 2026,2026-08-26,679080,683878,4,5